<annotation>
	<folder>D</folder>
	<filename>d3.jpg</filename>
	<path>E:\DETEKSI SIBI\Tensorflow Object Detection\TFODCourse\Tensorflow\workspace\TRAIN\D\d3.jpg</path>
	<source>
		<database>Unknown</database>
	</source>
	<size>
		<width>600</width>
		<height>600</height>
		<depth>3</depth>
	</size>
	<segmented>0</segmented>
	<object>
		<name>D</name>
		<pose>Unspecified</pose>
		<truncated>0</truncated>
		<difficult>0</difficult>
		<bndbox>
			<xmin>208</xmin>
			<ymin>167</ymin>
			<xmax>432</xmax>
			<ymax>504</ymax>
		</bndbox>
	</object>
</annotation>
