<annotation>
	<folder>G</folder>
	<filename>g7.jpg</filename>
	<path>E:\DETEKSI SIDO\Tensorflow Object Detection\TFODCourse\Tensorflow\workspace\images\TRAIN\G\g7.jpg</path>
	<source>
		<database>Unknown</database>
	</source>
	<size>
		<width>600</width>
		<height>600</height>
		<depth>3</depth>
	</size>
	<segmented>0</segmented>
	<object>
		<name>G</name>
		<pose>Unspecified</pose>
		<truncated>0</truncated>
		<difficult>0</difficult>
		<bndbox>
			<xmin>195</xmin>
			<ymin>229</ymin>
			<xmax>495</xmax>
			<ymax>490</ymax>
		</bndbox>
	</object>
</annotation>
