<annotation>
	<folder>H</folder>
	<filename>h5.jpg</filename>
	<path>E:\DETEKSI SIDO\Tensorflow Object Detection\TFODCourse\Tensorflow\workspace\images\TRAIN\H\h5.jpg</path>
	<source>
		<database>Unknown</database>
	</source>
	<size>
		<width>600</width>
		<height>600</height>
		<depth>3</depth>
	</size>
	<segmented>0</segmented>
	<object>
		<name>H</name>
		<pose>Unspecified</pose>
		<truncated>0</truncated>
		<difficult>0</difficult>
		<bndbox>
			<xmin>124</xmin>
			<ymin>198</ymin>
			<xmax>408</xmax>
			<ymax>355</ymax>
		</bndbox>
	</object>
</annotation>
