<annotation>
	<folder>P</folder>
	<filename>p6.jpg</filename>
	<path>E:\DETEKSI SIDO\Tensorflow Object Detection\TFODCourse\Tensorflow\workspace\images\TRAIN\P\p6.jpg</path>
	<source>
		<database>Unknown</database>
	</source>
	<size>
		<width>600</width>
		<height>600</height>
		<depth>3</depth>
	</size>
	<segmented>0</segmented>
	<object>
		<name>P</name>
		<pose>Unspecified</pose>
		<truncated>0</truncated>
		<difficult>0</difficult>
		<bndbox>
			<xmin>144</xmin>
			<ymin>24</ymin>
			<xmax>462</xmax>
			<ymax>376</ymax>
		</bndbox>
	</object>
</annotation>
