<annotation>
	<folder>S</folder>
	<filename>S1.jpg</filename>
	<path>E:\DETEKSI SIDO\Tensorflow Object Detection\TFODCourse\Tensorflow\workspace\images\TRAIN\S\S1.jpg</path>
	<source>
		<database>Unknown</database>
	</source>
	<size>
		<width>600</width>
		<height>600</height>
		<depth>3</depth>
	</size>
	<segmented>0</segmented>
	<object>
		<name>S</name>
		<pose>Unspecified</pose>
		<truncated>0</truncated>
		<difficult>0</difficult>
		<bndbox>
			<xmin>180</xmin>
			<ymin>115</ymin>
			<xmax>470</xmax>
			<ymax>500</ymax>
		</bndbox>
	</object>
</annotation>
