<annotation>
	<folder>S</folder>
	<filename>S4.jpg</filename>
	<path>D:\PROPOSAL SKRIPSI\DATASET\ALFABET\S\S4.jpg</path>
	<source>
		<database>Unknown</database>
	</source>
	<size>
		<width>600</width>
		<height>600</height>
		<depth>3</depth>
	</size>
	<segmented>0</segmented>
	<object>
		<name>s</name>
		<pose>Unspecified</pose>
		<truncated>0</truncated>
		<difficult>0</difficult>
		<bndbox>
			<xmin>236</xmin>
			<ymin>151</ymin>
			<xmax>465</xmax>
			<ymax>484</ymax>
		</bndbox>
	</object>
</annotation>
