<annotation>
	<folder>T</folder>
	<filename>T2.jpg</filename>
	<path>E:\DETEKSI SIBI\Tensorflow Object Detection\TFODCourse\Tensorflow\workspace\TRAIN\T\T2.jpg</path>
	<source>
		<database>Unknown</database>
	</source>
	<size>
		<width>600</width>
		<height>600</height>
		<depth>3</depth>
	</size>
	<segmented>0</segmented>
	<object>
		<name>T</name>
		<pose>Unspecified</pose>
		<truncated>0</truncated>
		<difficult>0</difficult>
		<bndbox>
			<xmin>196</xmin>
			<ymin>140</ymin>
			<xmax>429</xmax>
			<ymax>532</ymax>
		</bndbox>
	</object>
</annotation>
