<annotation>
	<folder>W</folder>
	<filename>W8.jpg</filename>
	<path>E:\DETEKSI SIBI\Tensorflow Object Detection\TFODCourse\Tensorflow\workspace\TEST\W\W8.jpg</path>
	<source>
		<database>Unknown</database>
	</source>
	<size>
		<width>600</width>
		<height>600</height>
		<depth>3</depth>
	</size>
	<segmented>0</segmented>
	<object>
		<name>W</name>
		<pose>Unspecified</pose>
		<truncated>0</truncated>
		<difficult>0</difficult>
		<bndbox>
			<xmin>164</xmin>
			<ymin>194</ymin>
			<xmax>500</xmax>
			<ymax>580</ymax>
		</bndbox>
	</object>
</annotation>
